Class (label),Age,Sex,Job,Housing,SavingAccounts,CheckingAccount,CreditAmount,Duration,Purpose
1,67,1.0,3,3,1,2,1169,6,1
0,22,0.0,3,3,2,3,5951,48,1
1,49,1.0,2,3,2,1,2096,12,2
1,45,1.0,3,1,2,2,7882,42,3
0,53,1.0,3,1,2,2,4870,24,4
1,35,1.0,2,1,1,1,9055,36,2
1,53,1.0,3,3,4,1,2835,24,3
1,35,1.0,4,2,2,3,6948,36,4
1,61,1.0,2,3,5,1,3059,12,1
0,28,1.0,4,3,2,3,5234,30,4
0,25,0.0,3,2,2,3,1295,12,4
0,24,0.0,3,2,2,2,4308,48,5
1,22,0.0,3,3,2,3,1567,12,1
0,60,1.0,2,3,2,2,1199,24,4
1,28,0.0,3,2,2,2,1403,15,4
0,32,0.0,2,3,3,2,1282,24,1
1,53,1.0,3,3,1,1,2424,24,1
1,25,1.0,3,3,1,2,8072,30,5
0,44,0.0,4,1,2,3,12579,24,4
1,31,1.0,3,3,4,1,3430,24,1
1,48,1.0,3,3,2,1,2134,9,4
1,44,1.0,3,2,4,2,2647,6,1
1,48,1.0,2,2,2,2,2241,10,4
1,44,1.0,3,3,3,3,1804,12,4
1,26,1.0,3,3,1,1,2069,10,3
1,36,1.0,2,3,2,2,1374,6,3
1,39,1.0,2,3,2,1,426,6,1
1,42,0.0,3,2,5,4,409,12,1
1,34,1.0,3,3,2,3,2415,7,1
0,63,1.0,3,3,2,2,6836,60,5
1,36,1.0,3,3,5,3,1913,18,5
1,27,1.0,3,3,2,2,4020,24,3
1,30,1.0,3,3,3,3,5866,18,4
1,57,1.0,2,2,1,1,1264,12,5
1,33,0.0,4,3,2,4,1474,12,3
0,25,1.0,2,3,2,3,4746,45,1
1,31,1.0,3,1,2,1,6110,48,2
0,37,1.0,3,3,2,4,2100,18,1
1,37,1.0,3,3,2,4,1225,10,6
1,24,1.0,3,3,2,3,458,9,1
1,30,1.0,4,3,4,1,2333,30,1
1,26,1.0,3,3,4,3,1158,12,1
1,44,1.0,2,3,2,3,6204,18,7
1,24,1.0,3,2,3,2,6187,30,4
0,58,0.0,2,1,2,2,6143,48,4
1,35,0.0,4,3,2,1,1393,11,4
1,39,1.0,3,3,4,1,2299,36,1
1,23,0.0,1,2,4,2,1352,6,4
1,39,1.0,2,3,2,1,7228,11,4
1,28,0.0,3,3,3,1,2073,12,1
1,29,1.0,2,3,1,3,2333,24,3
1,30,1.0,4,3,2,3,5965,27,4
1,25,1.0,3,3,2,1,1262,12,1
1,31,1.0,3,3,1,1,3378,18,4
0,57,1.0,3,1,2,3,2225,36,4
1,26,1.0,2,3,1,1,783,6,4
0,52,1.0,4,3,1,3,6468,12,1
1,31,0.0,3,3,2,1,9566,36,1
1,23,0.0,4,3,2,4,1961,18,4
0,23,0.0,2,2,2,2,6229,36,3
1,27,1.0,3,3,2,3,1391,9,5
1,50,1.0,3,3,1,3,1537,15,1
0,61,1.0,4,1,2,3,1953,36,5
0,25,1.0,3,3,2,3,14421,48,5
1,26,0.0,3,3,2,1,3181,24,1
1,48,1.0,3,3,1,1,5190,27,7
1,29,0.0,3,3,2,1,2171,12,1
1,22,1.0,3,3,5,3,1007,12,4
0,37,1.0,3,1,2,1,1819,36,2
1,25,0.0,3,3,1,1,2394,36,1
1,30,0.0,3,3,2,1,8133,36,4
1,46,1.0,2,2,1,1,730,7,1
1,51,1.0,4,1,2,2,1164,8,8
1,41,0.0,2,3,2,3,5954,42,5
0,40,1.0,4,3,1,2,1977,36,2
1,66,1.0,4,1,2,2,1526,12,4
0,34,1.0,3,3,2,2,3965,42,1
1,51,1.0,3,3,2,3,4771,11,1
1,39,1.0,2,3,1,1,9436,54,4
1,22,1.0,3,3,2,3,3832,30,3
0,44,0.0,3,3,1,1,5943,24,1
1,47,1.0,3,3,4,1,1213,15,1
1,24,0.0,2,2,3,1,1568,18,5
1,58,0.0,2,3,2,2,1755,24,8
1,52,1.0,2,3,2,2,2315,10,1
1,29,0.0,4,3,2,1,1412,12,5
1,27,0.0,3,3,2,3,1295,18,3
0,47,1.0,3,1,3,3,12612,36,2
1,30,1.0,4,3,3,2,2249,18,4
0,28,1.0,3,3,2,2,1108,12,7
1,56,1.0,3,3,2,1,618,12,1
1,54,1.0,3,3,2,2,1409,12,4
0,33,0.0,2,3,1,1,797,12,1
1,20,1.0,3,2,1,4,3617,24,3
1,54,1.0,3,3,5,3,1318,12,4
0,58,1.0,3,2,2,3,15945,54,5
1,61,0.0,3,3,1,1,2012,12,2
1,34,1.0,3,3,3,3,2622,18,5
1,36,1.0,3,3,2,3,2337,36,1
1,36,1.0,4,2,1,3,7057,20,4
1,41,1.0,2,2,3,1,1469,24,4
1,24,1.0,3,2,2,3,2323,36,1
1,24,0.0,3,3,2,1,932,6,1
1,35,1.0,3,2,2,3,1919,9,3
1,26,1.0,3,2,1,1,2445,12,4
0,39,1.0,4,3,2,3,11938,24,8
0,39,1.0,4,3,2,1,6458,18,4
1,32,1.0,3,3,2,3,6078,12,4
1,30,0.0,3,3,1,2,7721,24,3
1,35,1.0,3,3,4,3,1410,14,5
1,31,1.0,3,3,3,3,1449,6,5
1,23,0.0,3,2,2,4,392,15,2
1,28,1.0,2,2,2,3,6260,18,4
0,25,0.0,3,3,2,1,7855,36,4
1,35,1.0,3,3,4,2,1680,12,1
1,47,1.0,3,3,1,1,3578,48,1
0,30,0.0,4,3,1,2,7174,42,1
1,27,0.0,3,2,1,2,2132,10,3
0,23,0.0,3,3,4,2,4281,33,3
1,36,1.0,4,3,4,3,2366,12,4
0,25,0.0,3,3,2,2,1835,21,1
1,41,0.0,4,2,2,1,3868,24,4
1,24,1.0,2,2,2,1,1768,12,3
1,63,1.0,3,1,2,4,781,10,4
0,27,0.0,3,2,1,3,1924,18,3
1,30,1.0,3,3,2,2,2121,12,4
1,40,1.0,2,3,2,2,701,12,1
0,30,1.0,3,3,2,3,639,12,7
1,34,1.0,4,3,2,3,1860,12,4
0,29,0.0,3,3,2,2,3499,12,4
1,24,0.0,3,3,1,3,8487,48,4
0,29,1.0,3,3,2,2,6887,36,2
1,27,1.0,2,3,2,1,2708,15,3
1,47,1.0,3,1,2,1,1984,18,3
1,21,0.0,3,3,3,1,10144,60,1
1,38,0.0,3,3,1,1,1240,12,1
1,27,1.0,3,3,5,1,8613,27,4
0,66,1.0,2,3,4,3,766,12,1
1,35,1.0,3,3,1,3,2728,15,1
1,44,0.0,2,2,2,4,1881,12,1
1,27,1.0,1,3,5,4,709,6,4
1,30,0.0,4,3,2,3,4795,36,1
1,27,1.0,4,3,2,2,3416,27,1
0,22,1.0,3,3,2,2,2462,18,3
1,23,0.0,3,3,2,1,2288,21,3
1,30,1.0,3,3,3,3,3566,48,5
1,39,0.0,3,3,2,2,860,6,4
1,51,0.0,3,3,3,1,682,12,4
1,28,1.0,3,3,2,2,5371,36,3
1,46,1.0,3,3,5,1,1582,18,1
1,42,1.0,3,1,3,1,1346,6,1
1,38,1.0,3,3,2,1,1924,10,1
1,24,1.0,3,3,2,4,5848,36,1
1,29,0.0,3,2,5,3,7758,24,4
1,36,1.0,4,2,3,3,6967,24,5
0,20,0.0,3,2,2,2,1282,12,3
1,48,1.0,3,3,3,2,1288,9,7
1,45,1.0,2,3,2,2,339,12,2
1,38,1.0,3,3,3,3,3512,24,4
1,34,1.0,2,3,1,1,1898,6,1
1,36,1.0,3,3,3,1,2872,24,1
1,30,0.0,3,3,2,1,1055,18,4
1,36,1.0,3,3,4,1,1262,15,6
1,70,1.0,4,1,2,3,7308,10,4
1,36,1.0,3,3,4,1,909,36,4
1,32,1.0,3,3,4,1,2978,6,3
0,33,0.0,3,3,2,2,1131,18,3
1,20,0.0,3,3,5,3,1577,11,3
1,25,0.0,3,2,2,1,3972,24,3
0,31,1.0,3,3,2,3,1935,24,5
0,33,1.0,3,2,2,2,950,15,4
1,26,0.0,3,3,2,1,763,12,3
0,34,0.0,4,3,2,3,2064,24,3
1,33,1.0,3,3,2,3,1414,8,1
0,26,1.0,3,3,2,2,3414,21,2
0,53,0.0,4,3,1,1,7485,30,4
1,42,1.0,3,3,2,2,2577,12,3
1,52,1.0,3,3,4,2,338,6,1
1,31,1.0,4,2,2,1,1963,12,1
1,65,1.0,3,3,2,2,571,21,4
0,28,1.0,3,3,2,1,9572,36,5
0,30,1.0,4,3,2,3,4455,36,5
0,40,1.0,2,3,1,2,1647,21,4
1,50,1.0,3,3,5,1,3777,24,3
0,36,1.0,3,3,2,3,884,18,4
1,31,1.0,3,3,2,1,1360,15,1
0,74,0.0,4,1,2,3,5129,9,4
1,68,1.0,1,1,2,3,1175,16,4
0,20,1.0,3,3,3,2,674,12,1
1,33,0.0,3,3,2,3,3244,18,3
0,54,1.0,4,3,5,1,4591,24,5
0,34,1.0,2,1,3,3,3844,48,5
0,36,1.0,3,3,2,3,3915,27,5
1,29,1.0,3,2,2,1,2108,6,1
0,21,1.0,3,2,3,3,3031,45,1
0,34,0.0,4,3,2,3,1501,9,2
1,28,0.0,3,3,2,1,1382,6,1
0,27,0.0,3,2,3,3,951,12,3
1,36,1.0,3,1,1,3,2760,24,4
0,40,1.0,4,3,2,3,4297,18,3
1,52,1.0,3,3,4,1,936,9,2
1,27,1.0,2,3,2,2,1168,12,4
1,26,1.0,3,3,2,1,5117,27,5
0,21,1.0,3,2,2,2,902,12,2
1,38,1.0,2,3,2,1,1495,12,4
1,38,1.0,4,1,2,2,10623,30,4
1,43,1.0,3,3,2,1,1935,12,3
1,26,1.0,3,3,2,3,1424,12,6
1,21,1.0,2,3,2,2,6568,24,5
1,55,1.0,3,3,5,1,1413,12,4
1,33,1.0,3,3,1,1,3074,9,1
1,45,0.0,2,3,1,1,3835,36,1
0,50,1.0,3,3,2,2,5293,27,5
0,66,1.0,4,3,2,4,1908,30,5
1,51,1.0,3,3,1,1,3342,36,1
1,39,0.0,2,3,1,3,932,6,2
1,31,1.0,3,3,2,2,3104,18,5
1,23,1.0,3,3,2,4,3913,36,1
1,24,1.0,2,2,2,2,3021,24,3
1,64,0.0,3,3,2,1,1364,10,4
1,26,1.0,2,3,2,3,625,12,1
1,23,0.0,3,2,1,2,1200,12,2
1,30,1.0,3,3,2,1,707,12,1
1,32,1.0,3,3,1,1,2978,24,5
1,30,1.0,3,3,2,1,4657,15,4
1,27,1.0,3,3,2,1,2613,36,7
0,27,1.0,3,3,5,3,10961,48,1
0,53,1.0,4,1,2,2,7865,12,3
0,22,1.0,3,3,2,1,1478,9,1
1,22,1.0,3,1,2,2,3149,24,3
0,26,1.0,3,3,2,4,4210,36,1
1,51,1.0,2,1,4,1,2507,9,4
1,35,1.0,3,3,3,1,2141,12,1
1,25,1.0,2,3,2,3,866,18,1
1,42,1.0,2,3,2,1,1544,4,1
0,30,1.0,4,3,2,2,1823,24,1
0,23,1.0,1,3,1,3,14555,6,4
0,61,1.0,2,2,3,3,2767,21,5
1,35,0.0,3,3,2,1,1291,12,1
1,39,1.0,3,3,2,2,2522,30,1
0,29,0.0,3,3,1,2,915,24,4
1,51,1.0,3,3,2,1,1595,6,1
0,24,1.0,3,1,2,2,4605,48,4
1,27,0.0,3,3,2,1,1185,12,5
1,35,0.0,2,3,4,1,3447,12,2
1,25,1.0,3,3,2,1,1258,24,5
1,52,1.0,3,3,2,1,717,12,1
1,35,1.0,3,2,3,1,1204,6,4
1,26,1.0,3,3,2,4,1925,24,3
0,22,0.0,3,2,2,1,433,18,1
1,39,0.0,2,3,5,2,666,6,4
1,46,0.0,2,3,2,4,2251,12,3
0,24,0.0,3,3,2,3,2150,30,4
1,35,1.0,3,3,3,1,4151,24,3
1,24,1.0,3,3,1,3,2030,9,3
1,27,1.0,2,3,1,3,7418,60,1
1,35,1.0,2,3,2,1,2684,24,1
0,29,1.0,3,1,2,2,2149,12,1
1,23,0.0,3,3,3,1,3812,15,4
1,57,0.0,2,3,3,1,1154,11,1
1,27,1.0,3,3,2,2,1657,12,3
1,55,0.0,3,3,2,2,1603,24,1
1,36,1.0,4,1,2,2,5302,18,4
1,57,0.0,2,1,2,1,2748,12,2
1,32,1.0,2,3,2,1,1231,10,4
0,37,1.0,3,3,2,3,802,15,1
1,36,1.0,3,3,1,1,6304,36,5
1,38,0.0,3,3,2,1,1533,24,1
0,45,1.0,4,3,2,2,8978,14,4
1,25,1.0,3,3,1,1,999,24,1
1,32,1.0,3,3,1,1,2662,18,4
1,37,0.0,3,2,4,1,1402,12,3
1,36,1.0,4,1,1,3,12169,48,4
0,28,1.0,3,3,2,3,3060,48,1
0,34,1.0,2,3,2,2,11998,30,7
1,32,1.0,3,3,2,1,2697,9,1
1,26,0.0,3,3,2,1,2404,18,1
1,49,1.0,2,3,1,2,1262,12,3
0,32,0.0,3,3,2,1,4611,6,3
1,29,1.0,4,2,3,1,1901,24,1
1,23,1.0,3,2,5,1,3368,15,4
1,50,1.0,3,3,2,1,1574,12,3
1,49,1.0,2,3,1,4,1445,18,1
1,63,1.0,3,3,1,1,1520,15,3
1,37,1.0,3,3,3,3,3878,24,4
1,35,0.0,2,3,2,2,10722,47,4
1,26,1.0,3,3,2,2,4788,48,4
1,31,1.0,4,1,3,3,7582,48,8
1,49,0.0,3,3,2,3,1092,12,1
0,48,1.0,3,3,2,2,1024,24,1
1,26,1.0,3,3,2,1,1076,12,5
0,28,1.0,4,2,2,3,9398,36,4
1,44,0.0,4,1,2,2,6419,24,4
1,56,1.0,3,1,2,4,4796,42,4
1,46,1.0,4,3,1,1,7629,48,5
0,26,0.0,3,3,2,3,9960,48,3
1,20,0.0,3,2,1,1,4675,12,4
1,45,1.0,2,3,1,1,1287,10,4
1,43,1.0,3,3,2,1,2515,18,3
1,32,1.0,3,3,5,3,2745,21,3
1,54,0.0,1,3,2,1,672,6,4
0,42,0.0,3,3,2,3,3804,36,1
0,37,1.0,2,3,1,4,1344,24,4
1,49,1.0,3,3,2,2,1038,10,4
0,44,1.0,3,1,4,1,10127,48,4
1,33,1.0,3,3,5,1,1543,6,3
1,24,0.0,2,2,1,1,4811,30,4
0,33,1.0,2,3,3,2,727,12,1
0,24,0.0,3,3,2,3,1237,8,3
1,22,1.0,2,2,2,3,276,9,4
1,40,1.0,1,1,1,3,5381,48,8
1,25,1.0,3,3,3,1,5511,24,3
1,26,0.0,3,3,2,4,3749,24,3
0,25,1.0,2,3,2,3,685,12,4
1,29,1.0,2,3,1,4,1494,4,4
0,31,1.0,3,3,2,2,2746,36,3
1,38,1.0,2,3,2,2,708,12,3
1,48,0.0,2,3,1,3,4351,24,3
1,32,1.0,3,3,2,1,701,12,2
1,27,0.0,2,3,2,2,3643,15,3
0,28,1.0,4,3,2,3,4249,30,4
0,32,1.0,3,3,2,2,1938,24,1
1,34,1.0,4,1,2,2,2910,24,4
1,28,1.0,3,3,5,2,2659,18,3
1,36,0.0,3,3,2,1,1028,18,4
1,39,1.0,2,3,2,2,3398,8,4
1,49,1.0,3,2,1,1,5801,12,3
1,34,0.0,3,3,5,1,1525,24,4
1,31,1.0,3,3,2,4,4473,36,1
1,28,1.0,3,3,2,3,1068,6,1
1,75,1.0,4,1,2,2,6615,24,4
0,30,0.0,3,3,3,1,1864,18,2
0,24,0.0,4,3,3,3,7408,60,4
0,24,0.0,2,2,3,1,11590,48,4
0,23,1.0,3,2,2,2,4110,24,3
0,44,1.0,4,2,2,2,3384,6,3
1,23,0.0,2,3,2,3,2101,13,1
0,24,0.0,3,2,1,2,1275,15,6
1,28,1.0,3,3,2,2,4169,24,3
1,31,1.0,2,3,2,3,1521,10,3
1,24,0.0,3,1,2,3,5743,24,2
1,26,0.0,2,2,2,2,3599,21,3
1,25,1.0,3,2,4,3,3213,18,1
1,33,1.0,4,3,2,3,4439,18,5
1,37,1.0,2,3,2,4,3949,10,4
1,43,0.0,2,3,2,1,1459,15,1
1,23,1.0,3,3,2,3,882,13,1
1,23,0.0,1,2,4,3,3758,24,1
1,34,1.0,2,3,3,1,1743,6,5
0,32,1.0,3,1,5,3,1136,9,2
1,23,0.0,3,2,2,1,1236,9,6
0,29,0.0,3,3,2,3,959,9,3
1,38,1.0,4,3,1,1,3229,18,4
0,28,1.0,3,2,2,2,6199,12,1
1,46,1.0,3,1,4,1,727,10,2
0,23,1.0,2,3,2,3,1246,24,4
1,49,1.0,3,3,1,1,2331,12,1
0,26,1.0,4,3,2,1,4463,36,1
1,28,1.0,3,3,2,1,776,12,1
0,23,0.0,3,2,2,2,2406,30,3
1,61,1.0,3,1,1,3,1239,18,2
1,37,1.0,4,3,1,4,3399,12,1
1,36,0.0,3,3,2,4,2247,12,4
1,21,1.0,3,2,2,1,1766,6,3
0,25,1.0,1,3,2,2,2473,18,3
1,36,1.0,3,3,2,1,1542,12,5
1,27,1.0,3,3,2,1,3850,18,4
1,22,0.0,3,2,2,2,3650,18,3
0,42,1.0,3,3,2,2,3446,36,3
1,40,0.0,3,2,2,3,3001,18,3
1,36,1.0,3,3,1,1,3079,36,4
1,33,1.0,3,3,2,1,6070,18,1
1,23,0.0,3,2,2,1,2146,10,3
1,63,1.0,4,1,1,1,13756,60,4
0,60,0.0,4,1,3,3,14782,60,8
0,37,0.0,3,2,2,2,7685,48,5
1,34,1.0,3,3,2,1,2320,18,1
1,36,1.0,3,1,1,1,846,7,1
0,57,1.0,4,1,2,3,14318,36,4
1,52,0.0,2,3,3,1,362,6,4
1,39,1.0,3,3,1,2,2212,20,3
0,38,0.0,4,1,2,3,12976,18,4
1,25,0.0,3,2,1,1,1283,22,4
1,26,1.0,3,3,2,4,1330,12,4
1,26,1.0,2,3,3,1,4272,30,5
1,25,0.0,3,3,2,1,2238,18,1
1,21,0.0,3,2,1,1,1126,18,1
1,40,1.0,4,3,2,3,7374,18,3
1,27,1.0,3,3,4,3,2326,15,5
1,27,0.0,3,3,2,1,1449,9,5
1,30,1.0,4,3,2,1,1820,18,4
1,19,0.0,2,2,5,3,983,12,3
1,39,1.0,4,1,2,2,3249,36,4
1,31,0.0,3,3,2,2,1957,6,1
1,31,1.0,4,3,2,1,2406,9,3
1,32,1.0,3,2,3,3,11760,39,2
1,55,0.0,4,1,2,2,2578,12,3
1,46,1.0,3,3,2,2,2348,36,3
0,46,1.0,3,2,2,3,1223,12,4
1,43,0.0,2,3,5,1,1516,24,1
1,39,1.0,3,3,2,1,1473,18,1
1,28,1.0,3,3,1,3,1887,18,5
0,27,1.0,3,3,2,1,8648,24,5
1,27,1.0,2,3,2,1,802,14,4
1,43,1.0,3,3,1,3,2899,18,4
0,22,1.0,3,3,2,3,2039,24,1
1,43,1.0,3,3,1,1,2197,24,4
1,27,1.0,3,3,2,2,1053,15,1
1,26,1.0,4,3,4,1,3235,24,1
0,28,1.0,3,3,4,4,939,12,4
1,20,0.0,3,3,2,3,1967,24,1
1,35,1.0,4,3,2,1,7253,33,4
0,42,1.0,4,3,2,1,2292,12,5
1,40,1.0,2,2,4,1,1597,10,4
0,35,0.0,3,3,1,2,1381,24,4
1,35,1.0,3,3,2,1,5842,36,4
0,33,1.0,2,3,2,2,2579,12,4
1,23,0.0,3,2,1,2,8471,18,2
1,31,0.0,4,3,4,1,2782,21,4
0,33,0.0,3,3,1,3,1042,18,4
1,20,0.0,3,2,5,1,3186,15,4
1,30,1.0,3,3,1,3,2028,12,4
1,47,1.0,2,3,2,3,958,12,4
1,34,1.0,4,3,3,1,1591,21,3
0,25,0.0,3,3,1,3,2762,12,3
1,21,1.0,3,2,2,3,2779,18,4
1,29,1.0,3,3,2,1,2743,28,1
1,46,1.0,3,3,5,1,1149,18,1
1,20,1.0,3,3,2,1,1313,9,3
0,55,0.0,1,1,2,2,1190,18,7
1,74,1.0,2,3,2,1,3448,5,5
0,29,1.0,4,3,2,3,11328,24,8
1,36,1.0,4,1,2,2,1872,6,3
1,33,1.0,3,3,2,1,2058,24,7
1,25,1.0,3,3,2,2,2136,9,3
0,25,1.0,3,3,1,3,1484,12,1
1,23,1.0,2,2,4,1,660,6,7
1,37,0.0,3,3,5,1,1287,24,4
1,65,1.0,1,3,2,2,3394,42,7
0,26,0.0,1,3,2,4,609,12,5
1,39,1.0,4,3,2,1,1884,12,4
1,30,0.0,3,3,2,2,1620,12,3
1,29,1.0,3,3,2,3,2629,20,8
0,41,1.0,2,3,2,1,719,12,2
0,30,0.0,4,3,2,3,5096,48,3
1,41,0.0,2,2,1,1,1244,9,2
0,34,0.0,3,3,2,2,1842,36,4
1,35,1.0,3,3,2,3,2576,7,1
1,55,0.0,4,3,1,4,1424,12,3
0,61,1.0,3,3,5,3,1512,15,7
1,30,1.0,4,3,1,1,11054,36,4
1,29,0.0,3,3,2,1,518,6,1
1,34,1.0,3,3,2,1,2759,12,3
1,35,1.0,4,3,2,1,2670,24,4
0,31,1.0,3,3,2,2,4817,24,4
1,29,0.0,4,3,2,1,2679,24,4
1,36,1.0,3,2,2,2,3905,11,4
0,35,1.0,3,1,2,2,3386,12,4
1,27,0.0,3,3,2,2,343,6,6
1,32,1.0,3,3,2,1,4594,18,1
1,37,1.0,3,3,2,2,3620,36,3
1,36,1.0,3,3,2,2,1721,15,4
1,34,0.0,4,2,2,3,3017,12,3
1,38,1.0,3,3,1,3,754,12,2
1,34,1.0,3,3,2,1,1950,18,5
1,63,1.0,3,3,2,2,2924,24,4
0,29,0.0,2,2,2,2,1659,24,1
1,32,1.0,3,3,1,1,7238,48,1
1,26,0.0,3,3,2,1,2764,33,5
1,35,1.0,2,3,2,1,4679,24,4
0,22,1.0,3,2,3,3,3092,24,1
0,23,0.0,3,3,2,2,448,6,2
0,28,1.0,2,3,2,2,654,9,4
1,36,1.0,4,3,1,1,1238,6,2
0,33,1.0,3,3,2,3,1245,18,1
0,26,0.0,3,2,2,2,3114,18,3
1,24,1.0,3,3,4,1,2569,39,4
1,25,1.0,3,3,2,4,5152,24,1
1,39,1.0,2,3,3,3,1037,12,5
1,44,1.0,3,3,2,2,1478,15,3
1,23,0.0,2,3,2,3,3573,12,1
1,26,1.0,3,3,2,3,1201,24,4
1,57,0.0,3,2,5,2,3622,30,3
1,30,0.0,3,3,5,1,960,15,3
1,44,1.0,3,3,4,1,1163,12,4
0,47,1.0,4,3,2,3,1209,6,4
1,52,1.0,3,3,2,1,3077,12,1
1,62,0.0,3,1,2,1,3757,24,4
1,35,1.0,2,2,3,1,1418,10,4
1,26,1.0,3,2,2,1,3518,6,4
1,26,1.0,3,3,2,1,1934,12,1
0,42,0.0,4,1,2,3,8318,27,5
1,27,0.0,3,3,3,1,1237,6,1
1,38,1.0,3,3,1,3,368,6,1
1,39,1.0,2,2,2,2,2122,12,4
0,20,1.0,3,3,1,2,2996,24,3
0,29,1.0,4,2,3,3,9034,36,3
1,40,1.0,3,3,2,1,1585,24,3
1,32,1.0,2,3,2,3,1301,18,1
1,28,1.0,3,3,3,4,1323,6,4
0,27,0.0,3,3,2,2,3123,24,4
1,42,1.0,3,1,2,2,5493,36,4
1,49,1.0,3,3,3,4,1126,9,1
0,38,1.0,3,3,3,3,1216,24,1
0,24,0.0,3,2,2,2,1207,24,4
0,27,1.0,2,3,1,1,1309,10,4
1,36,1.0,3,3,4,4,2360,15,4
0,34,1.0,4,3,3,3,6850,15,4
1,28,1.0,3,3,2,1,1413,24,1
1,45,1.0,4,3,3,1,8588,39,4
0,26,1.0,3,3,2,2,759,12,4
1,32,1.0,4,1,2,1,4686,36,4
1,26,1.0,3,2,2,4,2687,15,5
1,20,1.0,3,2,2,3,585,12,1
1,54,1.0,3,3,1,1,2255,24,4
1,37,0.0,3,3,2,2,609,6,4
1,40,1.0,2,3,2,2,1361,6,4
0,23,0.0,3,2,2,1,7127,36,3
1,43,1.0,3,3,3,2,1203,6,4
1,36,1.0,3,1,1,1,700,6,1
1,44,1.0,3,1,2,1,5507,24,7
0,24,0.0,3,3,2,2,3190,18,1
0,53,1.0,3,1,2,2,7119,48,3
1,23,0.0,3,3,3,1,3488,24,4
1,26,0.0,2,3,2,3,1113,18,1
1,30,1.0,3,3,2,3,7966,26,4
1,31,0.0,3,3,3,1,1532,15,2
1,42,1.0,2,3,2,1,1503,4,1
0,31,1.0,3,2,2,2,2302,36,1
1,41,1.0,2,3,2,2,662,6,4
1,32,1.0,3,3,2,3,2273,36,2
0,28,0.0,3,2,3,3,2631,15,4
1,41,1.0,3,2,2,1,1503,12,4
1,26,1.0,3,3,3,1,1311,24,1
1,25,1.0,3,3,1,1,3105,24,1
0,33,1.0,3,2,2,4,2319,21,2
1,75,0.0,4,3,1,2,1374,6,4
1,37,0.0,3,3,2,3,3612,18,3
0,42,1.0,4,1,2,2,7763,48,4
1,45,0.0,2,3,2,4,3049,18,3
0,23,1.0,3,2,2,3,1534,12,1
1,60,1.0,3,1,2,1,2032,24,4
0,31,1.0,3,3,1,2,6350,30,3
0,34,1.0,2,3,2,4,2864,18,3
1,61,1.0,2,3,2,1,1255,12,4
0,43,1.0,3,1,2,2,1333,24,4
1,37,0.0,3,3,2,1,2022,24,4
1,32,1.0,3,3,2,1,1552,24,1
0,24,0.0,2,3,2,2,626,12,1
1,35,1.0,3,1,1,1,8858,48,4
1,23,0.0,3,3,1,1,996,12,7
1,45,1.0,2,3,4,1,1750,6,1
0,34,1.0,3,3,2,2,6999,48,1
1,27,1.0,3,3,3,3,1995,12,4
1,67,0.0,4,3,2,3,1199,9,2
0,22,1.0,3,3,2,3,1331,12,1
0,28,0.0,3,3,3,3,2278,18,4
0,29,0.0,3,3,1,1,5003,21,4
0,27,1.0,3,3,2,2,3552,24,3
0,31,1.0,2,3,2,3,1928,18,3
1,49,1.0,3,1,1,2,2964,24,4
0,24,1.0,2,2,2,2,1546,24,1
1,29,0.0,3,3,2,4,683,6,1
0,37,1.0,3,1,1,3,12389,36,4
1,37,1.0,4,3,1,3,4712,24,5
1,23,0.0,3,2,3,3,1553,24,1
0,36,1.0,3,3,2,2,1372,12,4
1,34,1.0,3,3,5,1,2578,24,1
1,41,1.0,3,3,1,3,3979,48,1
0,31,0.0,3,3,2,2,6758,48,1
0,23,0.0,2,2,2,2,3234,24,3
1,38,1.0,3,3,2,1,5954,30,1
1,26,0.0,4,2,1,1,5433,24,4
1,22,0.0,2,3,2,2,806,15,5
1,27,1.0,2,3,2,3,1082,9,1
1,24,0.0,3,3,2,1,2788,15,3
1,27,0.0,3,3,2,3,2930,12,1
1,33,0.0,3,3,1,1,1927,24,2
0,27,1.0,3,3,2,3,2820,36,4
1,27,1.0,2,3,2,1,937,24,2
0,30,1.0,3,3,2,3,1056,18,4
1,49,1.0,2,3,2,3,3124,12,4
1,26,0.0,3,2,2,1,1388,9,3
0,33,1.0,2,2,2,3,2384,36,7
1,52,0.0,4,1,1,1,2133,12,4
0,20,0.0,3,2,2,2,2039,18,3
1,36,1.0,3,2,2,2,2799,9,4
1,21,1.0,2,3,2,2,1289,12,3
0,47,1.0,2,3,2,2,1217,18,6
0,60,1.0,3,3,2,2,2246,12,3
1,58,0.0,2,3,2,2,385,12,1
1,42,0.0,3,2,1,3,1965,24,4
1,36,0.0,2,3,5,1,1572,21,5
0,20,0.0,2,2,2,3,2718,24,4
0,40,1.0,4,3,1,2,1358,24,8
0,32,0.0,2,3,3,3,931,6,4
0,23,0.0,3,2,2,2,1442,24,4
0,36,1.0,2,3,2,3,4241,24,5
0,31,1.0,3,3,2,1,2775,18,4
1,32,1.0,3,1,2,1,3863,24,5
1,45,0.0,3,3,2,3,2329,7,1
0,30,0.0,3,3,2,3,918,9,3
0,34,0.0,2,1,2,3,1837,24,2
0,28,0.0,4,3,2,1,3349,36,3
1,23,0.0,3,3,2,4,1275,10,3
1,22,1.0,3,3,4,2,2828,24,3
1,74,1.0,4,3,2,1,4526,24,5
0,50,0.0,3,1,3,3,2671,36,1
1,33,1.0,3,3,2,1,2051,18,1
1,45,1.0,3,1,1,1,1300,15,4
0,22,0.0,3,3,3,2,741,12,6
0,48,0.0,2,1,3,4,1240,10,4
1,29,0.0,3,3,5,2,3357,21,1
1,22,0.0,3,2,2,2,3632,24,4
0,22,0.0,3,3,2,1,1808,18,3
1,48,1.0,4,3,1,3,12204,48,5
1,27,1.0,4,1,1,3,9157,60,1
1,37,1.0,3,2,2,2,3676,6,4
0,21,0.0,3,2,3,3,3441,30,3
1,49,1.0,2,3,2,1,640,12,4
1,27,1.0,3,3,2,3,3652,21,5
0,32,1.0,3,3,2,1,1530,18,4
0,38,1.0,3,3,1,1,3914,48,5
1,22,0.0,3,2,2,2,1858,12,3
0,65,1.0,3,1,2,2,2600,18,1
1,35,1.0,3,3,1,1,1979,15,1
1,41,1.0,3,3,2,4,2116,6,3
0,29,1.0,3,3,3,3,1437,9,4
1,36,1.0,3,3,4,1,4042,42,3
1,64,1.0,2,3,1,1,3832,9,2
1,28,0.0,3,3,2,2,3660,24,1
0,44,1.0,3,3,2,2,1553,18,3
1,23,1.0,3,3,1,3,1444,15,1
0,19,0.0,3,2,2,1,1980,9,3
0,25,0.0,2,3,2,3,1355,24,4
1,47,1.0,3,3,2,1,1393,12,2
1,28,0.0,3,3,4,1,1376,24,1
1,21,1.0,3,3,2,1,15653,60,1
1,34,0.0,3,3,2,1,1493,12,1
0,26,1.0,3,3,2,2,4370,42,1
0,27,0.0,1,3,2,2,750,18,2
1,38,1.0,2,3,2,3,1308,15,7
0,40,1.0,4,3,3,1,4623,15,2
1,33,1.0,3,3,2,1,1851,24,1
1,32,1.0,4,3,2,2,1880,18,1
0,27,1.0,3,2,1,1,7980,36,5
1,32,1.0,3,3,2,2,4583,30,3
0,26,0.0,3,3,4,1,1386,12,4
0,38,1.0,3,1,2,4,947,24,4
0,40,1.0,2,2,2,2,684,12,2
1,50,1.0,4,1,2,2,7476,48,2
0,37,1.0,2,3,2,3,1922,12,3
0,45,1.0,3,3,2,2,2303,24,4
0,42,1.0,4,3,3,3,8086,36,4
1,35,1.0,3,3,2,1,2346,24,4
1,22,1.0,3,1,2,2,3973,14,4
0,41,1.0,2,3,2,3,888,12,4
1,37,1.0,3,3,1,1,10222,48,1
1,28,0.0,3,3,2,3,4221,30,5
1,41,1.0,3,3,2,3,6361,18,3
1,23,1.0,3,2,2,4,1297,12,1
0,23,1.0,3,3,1,2,900,12,4
1,50,1.0,3,3,2,1,2241,21,3
1,35,1.0,4,3,2,3,1050,6,3
1,50,0.0,2,3,2,4,1047,6,2
1,27,1.0,4,3,2,1,6314,24,8
1,34,1.0,3,3,5,3,3496,30,3
1,27,0.0,3,3,2,1,3609,48,5
0,43,1.0,3,2,2,2,4843,12,4
1,47,1.0,3,3,2,4,3017,30,1
1,27,1.0,2,3,3,1,4139,24,5
1,31,1.0,3,3,3,1,5742,36,5
1,42,1.0,4,3,2,1,10366,60,4
1,24,1.0,3,3,4,1,2080,6,4
0,41,1.0,2,3,4,1,2580,21,5
1,26,0.0,4,2,2,1,4530,30,1
1,33,1.0,3,3,2,1,5150,24,3
0,24,1.0,3,3,3,3,5595,72,1
1,64,1.0,2,2,2,2,2384,24,1
1,26,0.0,3,3,2,1,1453,18,1
1,56,0.0,3,3,2,1,1538,6,2
1,37,1.0,3,1,1,1,2279,12,1
1,33,1.0,3,3,2,1,1478,15,1
1,47,1.0,3,1,2,1,5103,24,1
1,31,1.0,2,3,3,3,9857,36,5
1,34,1.0,3,1,1,1,6527,60,4
1,27,1.0,3,3,1,4,1347,10,1
1,30,1.0,3,1,3,3,2862,36,4
1,35,1.0,3,3,3,1,2753,9,1
1,31,1.0,3,3,5,2,3651,12,4
1,25,1.0,3,3,2,2,975,15,3
1,25,0.0,2,3,3,3,2631,15,7
1,29,1.0,3,3,3,3,2896,24,1
1,44,1.0,2,3,1,2,4716,6,4
1,28,1.0,3,3,2,1,2284,24,1
1,50,1.0,3,2,4,1,1236,6,4
1,29,1.0,3,3,2,3,1103,12,1
1,38,0.0,1,3,2,1,926,12,4
1,24,1.0,3,3,2,1,1800,18,1
1,40,1.0,4,2,2,4,1905,15,2
0,29,0.0,2,2,4,1,1123,12,3
0,46,1.0,3,1,2,2,6331,48,4
1,47,0.0,3,1,3,4,1377,24,1
1,41,1.0,3,3,3,3,2503,30,5
1,32,0.0,3,3,2,3,2528,27,5
1,35,0.0,3,1,4,1,5324,15,4
0,24,1.0,3,3,3,3,6560,48,4
0,25,0.0,3,2,2,3,2969,12,3
1,25,0.0,3,3,2,3,1206,9,1
1,37,1.0,2,3,2,3,2118,9,1
1,32,1.0,4,3,4,1,629,18,1
0,35,0.0,3,1,2,2,1198,6,2
1,46,1.0,4,3,1,1,2476,21,4
1,25,1.0,2,3,2,2,1138,9,1
0,27,1.0,4,3,2,3,14027,60,4
1,63,1.0,3,3,1,1,7596,30,4
1,40,1.0,3,3,1,1,3077,30,1
1,32,1.0,4,1,2,1,1505,18,1
1,31,1.0,3,3,1,4,3148,24,1
1,31,1.0,3,3,3,3,6148,20,4
0,34,1.0,4,3,2,4,1337,9,1
0,24,0.0,3,2,5,3,433,6,2
0,24,0.0,2,3,2,2,1228,12,4
1,66,0.0,2,3,4,3,790,9,1
0,21,0.0,3,2,2,1,2570,27,4
1,41,0.0,2,3,5,1,250,6,4
1,47,1.0,2,3,4,1,1316,15,1
0,25,0.0,3,2,2,2,1882,18,1
0,59,0.0,3,2,2,3,6416,48,5
1,36,1.0,3,3,5,4,1275,24,5
1,33,1.0,3,3,2,3,6403,24,1
0,21,1.0,2,2,2,2,1987,24,1
1,44,0.0,2,3,2,3,760,8,1
1,28,0.0,3,2,5,1,2603,24,4
1,37,0.0,3,3,2,1,3380,4,4
1,29,0.0,1,3,1,3,3990,36,6
0,23,0.0,4,2,2,3,11560,24,4
1,35,1.0,2,3,3,2,4380,18,4
1,45,1.0,4,3,2,1,6761,6,4
0,26,0.0,2,2,3,3,4280,30,5
1,32,1.0,3,3,3,2,2325,24,4
1,23,1.0,2,3,2,3,1048,10,1
1,41,1.0,3,3,1,1,3160,21,1
1,22,1.0,3,3,4,2,2483,24,3
1,30,1.0,4,3,1,2,14179,39,3
1,28,1.0,2,3,2,2,1797,13,5
1,23,0.0,3,2,2,2,2511,15,4
0,37,0.0,2,3,2,2,1274,12,4
1,26,1.0,3,3,1,1,5248,21,4
1,33,1.0,3,3,2,1,3029,15,4
1,49,0.0,3,3,2,2,428,6,3
0,23,0.0,2,3,2,2,976,18,4
1,23,0.0,2,2,3,3,841,12,5
1,25,0.0,3,3,2,1,5771,30,1
0,55,1.0,3,1,5,1,1555,12,7
0,32,0.0,3,2,1,2,1285,24,4
1,74,1.0,1,3,2,4,1299,6,4
0,39,1.0,3,1,1,4,1271,15,1
1,31,1.0,3,3,2,1,1393,24,4
0,35,1.0,3,3,2,2,691,12,4
1,59,0.0,3,3,1,1,5045,15,4
0,24,0.0,3,2,2,2,2124,18,3
1,24,1.0,2,3,2,2,2214,12,1
0,30,1.0,4,1,1,1,12680,21,4
1,27,1.0,3,3,3,1,2463,24,4
1,40,1.0,2,3,2,3,1155,12,1
0,31,1.0,2,3,2,2,3108,30,3
1,31,0.0,3,2,1,1,2901,10,4
1,28,1.0,3,2,2,3,3617,12,3
1,63,1.0,2,3,2,1,1655,12,1
1,26,0.0,3,2,1,2,2812,24,4
0,25,0.0,4,3,2,2,8065,36,2
1,36,1.0,4,3,2,1,3275,21,4
1,52,1.0,3,3,3,1,2223,24,1
1,66,1.0,1,1,4,4,1480,12,4
0,25,0.0,3,2,1,2,1371,24,4
1,37,1.0,3,3,2,1,3535,36,4
1,25,0.0,3,3,2,2,3509,18,1
1,38,1.0,4,3,5,1,5711,36,4
1,67,0.0,3,3,2,3,3872,18,7
0,25,1.0,3,3,2,3,4933,39,1
1,60,1.0,3,3,5,1,1940,24,4
1,31,1.0,2,3,2,3,1410,12,2
0,23,0.0,2,3,3,3,836,12,4
1,60,1.0,4,3,1,3,6468,20,4
1,35,1.0,2,3,5,3,1941,18,5
1,40,1.0,3,3,4,1,2675,22,1
1,38,1.0,3,3,1,1,2751,48,4
0,50,1.0,3,1,2,3,6224,48,2
0,27,1.0,3,3,2,2,5998,40,2
0,39,0.0,3,3,2,3,1188,21,5
1,41,1.0,4,3,1,1,6313,24,4
1,27,1.0,3,3,1,1,1221,6,3
1,51,1.0,3,1,2,4,2892,24,3
1,32,1.0,3,2,4,1,3062,24,3
1,22,0.0,3,2,3,1,2301,9,3
0,51,1.0,3,1,1,2,7511,18,4
1,22,0.0,2,2,2,1,1258,12,3
1,54,1.0,3,3,1,1,717,24,4
1,35,1.0,1,3,1,3,1549,9,4
1,54,1.0,3,1,2,1,1597,24,2
1,48,0.0,2,2,2,3,1795,18,1
1,24,0.0,3,3,2,2,4272,20,3
1,35,1.0,3,3,1,1,976,12,1
1,24,0.0,1,2,1,3,7472,12,4
0,24,1.0,3,3,2,2,9271,36,4
1,26,1.0,2,3,2,3,590,6,1
1,65,1.0,3,3,1,1,930,12,1
1,55,1.0,4,1,2,3,9283,42,4
0,26,0.0,1,2,2,3,1778,15,4
1,26,1.0,3,3,2,3,907,8,5
1,28,1.0,2,3,2,3,484,6,1
0,24,1.0,3,3,2,2,9629,36,4
0,54,1.0,3,3,2,2,3051,48,6
0,46,1.0,3,1,2,2,3931,48,4
1,54,0.0,3,2,2,3,7432,36,4
1,62,1.0,3,3,4,1,1338,6,6
1,24,0.0,3,2,2,1,1554,6,1
1,43,1.0,4,3,2,2,15857,36,8
0,26,1.0,3,3,2,2,1345,18,1
1,27,1.0,3,3,2,1,1101,12,4
1,24,1.0,3,3,2,4,3016,12,1
0,41,1.0,3,3,2,2,2712,36,3
1,47,1.0,2,3,2,2,731,8,4
1,35,1.0,4,3,2,1,3780,18,3
1,30,1.0,3,3,2,2,1602,21,4
0,33,0.0,3,2,2,2,3966,18,4
0,36,1.0,3,3,2,1,4165,18,5
0,47,1.0,3,1,1,2,8335,36,4
1,38,1.0,3,1,1,3,6681,48,5
1,44,1.0,3,3,4,1,2375,24,5
0,23,0.0,3,2,2,2,1216,18,4
0,29,1.0,3,2,2,2,11816,45,5
1,42,0.0,3,3,1,3,5084,24,1
0,25,0.0,2,3,2,4,2327,15,1
0,48,1.0,3,3,2,2,1082,12,4
1,21,0.0,3,3,1,1,886,12,1
1,23,0.0,2,2,2,1,601,4,3
1,63,1.0,3,3,2,2,2957,24,4
1,46,1.0,3,3,2,1,2611,24,1
0,29,1.0,3,3,2,2,5179,36,3
1,28,1.0,2,3,2,1,2993,21,4
0,23,0.0,3,3,2,1,1943,18,7
1,50,1.0,3,3,2,1,1559,24,5
1,47,1.0,3,3,2,1,3422,18,3
1,35,1.0,3,3,1,3,3976,21,3
0,68,1.0,3,2,1,1,6761,18,4
1,28,1.0,3,3,2,1,1249,24,4
1,59,1.0,3,3,2,2,1364,9,1
0,57,1.0,2,3,2,2,709,12,1
0,33,1.0,3,2,2,2,2235,20,4
1,43,1.0,3,3,1,1,4042,24,4
1,35,1.0,3,1,2,1,1471,15,1
0,32,1.0,2,1,2,2,1442,18,4
1,45,1.0,3,3,2,1,10875,36,4
1,33,1.0,3,3,3,1,1474,24,4
1,40,0.0,3,3,1,1,894,10,2
1,28,1.0,3,1,2,1,3343,15,3
0,29,0.0,3,3,2,2,3959,15,4
1,26,1.0,3,2,3,1,3577,9,4
1,27,1.0,3,3,5,1,5804,24,4
0,28,1.0,3,3,2,1,2169,18,5
0,35,0.0,3,3,2,2,2439,24,1
1,32,1.0,2,3,5,1,4526,27,3
0,25,1.0,2,2,2,1,2210,10,3
1,20,0.0,3,2,4,1,2221,15,3
1,27,0.0,3,3,2,2,2389,18,1
1,42,1.0,3,3,2,1,3331,12,3
1,37,1.0,3,3,1,1,7409,36,5
1,24,0.0,3,2,2,2,652,12,3
1,40,0.0,3,3,4,1,7678,36,3
1,46,1.0,3,3,2,4,1343,6,4
1,26,1.0,3,3,3,2,1382,24,5
1,24,0.0,3,3,1,1,874,15,6
1,29,1.0,2,3,2,2,3590,12,3
1,40,0.0,3,3,5,3,1322,11,4
1,36,1.0,4,1,2,2,1940,18,1
1,28,1.0,3,3,2,1,3595,36,1
0,27,1.0,4,1,2,2,1422,9,4
1,36,1.0,3,3,1,1,6742,30,1
1,38,1.0,4,3,2,1,7814,24,4
1,48,1.0,3,1,1,1,9277,24,4
1,36,1.0,3,3,1,3,2181,30,4
1,65,0.0,1,3,2,1,1098,18,1
0,43,1.0,3,3,2,3,4057,24,3
0,53,0.0,3,3,2,2,795,12,2
1,34,1.0,3,3,1,3,2825,24,5
0,23,1.0,3,3,2,3,15672,48,5
1,34,1.0,4,3,2,1,6614,36,4
1,40,1.0,3,2,1,1,7824,28,4
1,43,1.0,4,3,2,2,2442,27,5
1,46,1.0,3,3,2,1,1829,15,1
1,38,1.0,2,3,2,2,2171,12,4
1,34,1.0,3,3,2,3,5800,36,4
1,29,1.0,3,3,1,1,1169,18,1
1,31,1.0,4,3,1,1,8947,36,4
1,28,0.0,4,2,2,2,2606,21,1
1,35,0.0,3,3,5,1,1592,12,3
1,33,0.0,2,2,1,1,2186,15,3
0,42,1.0,3,3,2,2,4153,18,3
0,43,1.0,3,2,2,2,2625,16,4
1,44,1.0,3,3,1,1,3485,20,4
1,42,1.0,3,1,1,1,10477,36,4
1,40,1.0,3,2,1,1,1386,15,1
1,36,1.0,4,3,2,1,1278,24,1
1,20,1.0,4,2,2,2,1107,12,1
1,24,1.0,2,3,1,2,3763,21,4
1,27,1.0,3,3,1,3,3711,36,2
1,46,0.0,2,3,2,1,3594,15,4
1,33,0.0,2,3,1,3,3195,9,4
1,34,0.0,3,3,2,1,4454,36,1
0,25,0.0,2,3,2,3,4736,24,3
1,25,0.0,3,3,1,3,2991,30,1
1,28,1.0,3,3,5,1,2142,11,5
0,31,1.0,3,2,2,2,3161,24,5
0,32,0.0,4,3,2,3,18424,48,8
1,32,1.0,3,3,3,1,2848,10,4
0,68,1.0,4,3,2,2,14896,6,4
0,33,1.0,3,3,3,2,2359,24,3
0,39,1.0,4,2,2,2,3345,24,3
1,28,0.0,3,3,2,1,1817,18,3
1,37,1.0,4,3,4,1,12749,48,1
0,22,0.0,3,2,2,2,1366,9,1
1,30,1.0,3,2,2,3,2002,12,4
0,55,1.0,3,3,2,2,6872,24,3
0,46,1.0,3,3,2,2,697,12,4
1,21,0.0,3,2,2,2,1049,18,3
0,39,1.0,3,1,2,2,10297,48,4
1,58,1.0,3,3,1,1,1867,30,1
1,43,1.0,2,3,2,2,1344,12,4
1,24,1.0,2,3,2,2,1747,24,3
0,22,0.0,3,3,2,3,1670,9,1
1,30,1.0,3,3,2,1,1224,9,4
1,42,1.0,3,3,4,1,522,12,1
1,23,0.0,3,3,2,2,1498,12,1
0,30,1.0,4,3,3,3,1919,30,1
0,28,0.0,2,3,2,4,745,9,1
1,30,1.0,4,2,2,3,2063,6,1
0,42,1.0,3,1,2,3,6288,60,2
1,46,1.0,4,3,1,1,6842,24,4
1,45,1.0,4,3,1,1,3527,12,4
1,31,1.0,2,3,2,1,1546,10,4
1,31,1.0,3,3,1,1,929,24,3
1,42,1.0,2,3,2,1,1455,4,4
1,46,0.0,3,2,2,2,1845,15,3
1,30,0.0,3,3,4,3,8358,48,4
0,30,1.0,3,1,4,2,3349,24,3
1,38,1.0,4,3,1,1,2859,12,4
0,43,1.0,2,3,2,1,1533,18,3
0,31,1.0,3,3,3,1,3621,24,1
1,40,1.0,1,3,2,3,3590,18,5
0,24,1.0,3,3,2,2,2145,36,5
0,28,0.0,3,2,4,3,4113,24,4
0,26,0.0,4,3,2,1,10974,36,3
1,29,0.0,3,3,2,2,1893,12,4
1,57,0.0,4,2,5,2,1231,24,1
1,49,1.0,2,3,1,4,3656,30,1
1,37,1.0,2,3,2,3,1154,9,1
0,45,1.0,2,3,2,2,4006,28,4
1,30,1.0,3,1,3,3,3069,24,3
1,30,1.0,3,2,2,1,1740,6,1
1,47,1.0,3,3,2,3,2353,21,4
1,29,1.0,3,3,1,1,3556,15,4
0,35,1.0,3,3,4,1,2397,24,1
1,22,1.0,2,3,2,3,454,6,7
1,26,0.0,3,3,1,3,1715,30,1
0,23,1.0,2,3,4,3,2520,27,1
1,54,0.0,4,2,2,1,3568,15,1
1,29,1.0,3,2,1,1,7166,42,1
1,40,1.0,2,3,2,2,3939,11,4
1,22,1.0,3,3,3,3,1514,15,7
1,43,1.0,2,3,2,1,7393,24,4
0,29,0.0,1,2,2,2,1193,24,4
0,36,1.0,3,2,2,2,7297,60,5
1,33,0.0,3,3,2,1,2831,30,1
1,57,0.0,2,3,4,4,1258,24,1
1,64,0.0,3,3,2,3,753,6,1
1,42,1.0,3,3,1,3,2427,18,5
0,47,1.0,2,3,2,1,2538,24,4
0,25,1.0,3,2,3,3,1264,15,4
0,49,1.0,3,3,2,3,8386,30,3
0,33,1.0,4,2,2,1,4844,48,5
1,28,0.0,4,3,3,4,2923,21,4
0,26,1.0,3,3,2,2,8229,36,4
1,30,1.0,2,3,2,1,2028,24,3
1,25,0.0,3,2,2,2,1433,15,3
1,33,1.0,3,3,2,4,6289,42,5
1,64,0.0,3,3,3,1,1409,13,1
1,29,1.0,4,1,2,2,6579,24,4
1,48,1.0,2,3,2,3,1743,24,1
1,37,1.0,2,3,1,1,3565,12,2
1,34,1.0,2,3,3,1,1569,15,1
1,23,1.0,2,2,1,2,1936,18,1
1,30,1.0,4,3,2,2,3959,36,3
1,50,1.0,3,3,1,1,2390,12,4
1,31,0.0,2,3,2,1,1736,12,3
1,40,1.0,4,3,2,2,3857,30,4
1,38,1.0,3,3,2,1,804,12,1
0,23,1.0,3,1,2,2,1845,45,1
1,27,1.0,3,3,3,3,4576,45,4
